Post ID,Post Title,User ID,User Username,User Email
1,sunt aut facere repellat provident occaecati excepturi optio reprehenderit,1,Bret,Sincere@april.biz
2,qui est esse,1,Bret,Sincere@april.biz
3,ea molestias quasi exercitationem repellat qui ipsa sit aut,1,Bret,Sincere@april.biz
4,eum et est occaecati,1,Bret,Sincere@april.biz
5,nesciunt quas odio,1,Bret,Sincere@april.biz
6,dolorem eum magni eos aperiam quia,1,Bret,Sincere@april.biz
7,magnam facilis autem,1,Bret,Sincere@april.biz
8,dolorem dolore est ipsam,1,Bret,Sincere@april.biz
9,nesciunt iure omnis dolorem tempora et accusantium,1,Bret,Sincere@april.biz
10,optio molestias id quia eum,1,Bret,Sincere@april.biz
11,et ea vero quia laudantium autem,2,Antonette,Shanna@melissa.tv
12,in quibusdam tempore odit est dolorem,2,Antonette,Shanna@melissa.tv
13,dolorum ut in voluptas mollitia et saepe quo animi,2,Antonette,Shanna@melissa.tv
14,voluptatem eligendi optio,2,Antonette,Shanna@melissa.tv
15,eveniet quod temporibus,2,Antonette,Shanna@melissa.tv
16,sint suscipit perspiciatis velit dolorum rerum ipsa laboriosam odio,2,Antonette,Shanna@melissa.tv
17,fugit voluptas sed molestias voluptatem provident,2,Antonette,Shanna@melissa.tv
18,voluptate et itaque vero tempora molestiae,2,Antonette,Shanna@melissa.tv
19,adipisci placeat illum aut reiciendis qui,2,Antonette,Shanna@melissa.tv
20,doloribus ad provident suscipit at,2,Antonette,Shanna@melissa.tv
21,asperiores ea ipsam voluptatibus modi minima quia sint,3,Samantha,Nathan@yesenia.net
22,dolor sint quo a velit explicabo quia nam,3,Samantha,Nathan@yesenia.net
23,maxime id vitae nihil numquam,3,Samantha,Nathan@yesenia.net
24,autem hic labore sunt dolores incidunt,3,Samantha,Nathan@yesenia.net
25,rem alias distinctio quo quis,3,Samantha,Nathan@yesenia.net
26,est et quae odit qui non,3,Samantha,Nathan@yesenia.net
27,quasi id et eos tenetur aut quo autem,3,Samantha,Nathan@yesenia.net
28,delectus ullam et corporis nulla voluptas sequi,3,Samantha,Nathan@yesenia.net
29,iusto eius quod necessitatibus culpa ea,3,Samantha,Nathan@yesenia.net
30,a quo magni similique perferendis,3,Samantha,Nathan@yesenia.net
31,ullam ut quidem id aut vel consequuntur,4,Karianne,Julianne.OConner@kory.org
32,doloremque illum aliquid sunt,4,Karianne,Julianne.OConner@kory.org
33,qui explicabo molestiae dolorem,4,Karianne,Julianne.OConner@kory.org
34,magnam ut rerum iure,4,Karianne,Julianne.OConner@kory.org
35,id nihil consequatur molestias animi provident,4,Karianne,Julianne.OConner@kory.org
36,fuga nam accusamus voluptas reiciendis itaque,4,Karianne,Julianne.OConner@kory.org
37,provident vel ut sit ratione est,4,Karianne,Julianne.OConner@kory.org
38,explicabo et eos deleniti nostrum ab id repellendus,4,Karianne,Julianne.OConner@kory.org
39,eos dolorem iste accusantium est eaque quam,4,Karianne,Julianne.OConner@kory.org
40,enim quo cumque,4,Karianne,Julianne.OConner@kory.org
41,non est facere,5,Kamren,Lucio_Hettinger@annie.ca
42,commodi ullam sint et excepturi error explicabo praesentium voluptas,5,Kamren,Lucio_Hettinger@annie.ca
43,eligendi iste nostrum consequuntur adipisci praesentium sit beatae perferendis,5,Kamren,Lucio_Hettinger@annie.ca
44,optio dolor molestias sit,5,Kamren,Lucio_Hettinger@annie.ca
45,ut numquam possimus omnis eius suscipit laudantium iure,5,Kamren,Lucio_Hettinger@annie.ca
46,aut quo modi neque nostrum ducimus,5,Kamren,Lucio_Hettinger@annie.ca
47,quibusdam cumque rem aut deserunt,5,Kamren,Lucio_Hettinger@annie.ca
48,ut voluptatem illum ea doloribus itaque eos,5,Kamren,Lucio_Hettinger@annie.ca
49,laborum non sunt aut ut assumenda perspiciatis voluptas,5,Kamren,Lucio_Hettinger@annie.ca
50,repellendus qui recusandae incidunt voluptates tenetur qui omnis exercitationem,5,Kamren,Lucio_Hettinger@annie.ca
51,soluta aliquam aperiam consequatur illo quis voluptas,6,Leopoldo_Corkery,Karley_Dach@jasper.info
52,qui enim et consequuntur quia animi quis voluptate quibusdam,6,Leopoldo_Corkery,Karley_Dach@jasper.info
53,ut quo aut ducimus alias,6,Leopoldo_Corkery,Karley_Dach@jasper.info
54,sit asperiores ipsam eveniet odio non quia,6,Leopoldo_Corkery,Karley_Dach@jasper.info
55,sit vel voluptatem et non libero,6,Leopoldo_Corkery,Karley_Dach@jasper.info
56,qui et at rerum necessitatibus,6,Leopoldo_Corkery,Karley_Dach@jasper.info
57,sed ab est est,6,Leopoldo_Corkery,Karley_Dach@jasper.info
58,voluptatum itaque dolores nisi et quasi,6,Leopoldo_Corkery,Karley_Dach@jasper.info
59,qui commodi dolor at maiores et quis id accusantium,6,Leopoldo_Corkery,Karley_Dach@jasper.info
60,consequatur placeat omnis quisquam quia reprehenderit fugit veritatis facere,6,Leopoldo_Corkery,Karley_Dach@jasper.info
61,voluptatem doloribus consectetur est ut ducimus,7,Elwyn.Skiles,Telly.Hoeger@billy.biz
62,beatae enim quia vel,7,Elwyn.Skiles,Telly.Hoeger@billy.biz
63,voluptas blanditiis repellendus animi ducimus error sapiente et suscipit,7,Elwyn.Skiles,Telly.Hoeger@billy.biz
64,et fugit quas eum in in aperiam quod,7,Elwyn.Skiles,Telly.Hoeger@billy.biz
65,consequatur id enim sunt et et,7,Elwyn.Skiles,Telly.Hoeger@billy.biz
66,repudiandae ea animi iusto,7,Elwyn.Skiles,Telly.Hoeger@billy.biz
67,aliquid eos sed fuga est maxime repellendus,7,Elwyn.Skiles,Telly.Hoeger@billy.biz
68,odio quis facere architecto reiciendis optio,7,Elwyn.Skiles,Telly.Hoeger@billy.biz
69,fugiat quod pariatur odit minima,7,Elwyn.Skiles,Telly.Hoeger@billy.biz
70,voluptatem laborum magni,7,Elwyn.Skiles,Telly.Hoeger@billy.biz
71,et iusto veniam et illum aut fuga,8,Maxime_Nienow,Sherwood@rosamond.me
72,sint hic doloribus consequatur eos non id,8,Maxime_Nienow,Sherwood@rosamond.me
73,consequuntur deleniti eos quia temporibus ab aliquid at,8,Maxime_Nienow,Sherwood@rosamond.me
74,enim unde ratione doloribus quas enim ut sit sapiente,8,Maxime_Nienow,Sherwood@rosamond.me
75,dignissimos eum dolor ut enim et delectus in,8,Maxime_Nienow,Sherwood@rosamond.me
76,doloremque officiis ad et non perferendis,8,Maxime_Nienow,Sherwood@rosamond.me
77,necessitatibus quasi exercitationem odio,8,Maxime_Nienow,Sherwood@rosamond.me
78,quam voluptatibus rerum veritatis,8,Maxime_Nienow,Sherwood@rosamond.me
79,pariatur consequatur quia magnam autem omnis non amet,8,Maxime_Nienow,Sherwood@rosamond.me
80,labore in ex et explicabo corporis aut quas,8,Maxime_Nienow,Sherwood@rosamond.me
81,tempora rem veritatis voluptas quo dolores vero,9,Delphine,Chaim_McDermott@dana.io
82,laudantium voluptate suscipit sunt enim enim,9,Delphine,Chaim_McDermott@dana.io
83,odit et voluptates doloribus alias odio et,9,Delphine,Chaim_McDermott@dana.io
84,optio ipsam molestias necessitatibus occaecati facilis veritatis dolores aut,9,Delphine,Chaim_McDermott@dana.io
85,dolore veritatis porro provident adipisci blanditiis et sunt,9,Delphine,Chaim_McDermott@dana.io
86,placeat quia et porro iste,9,Delphine,Chaim_McDermott@dana.io
87,nostrum quis quasi placeat,9,Delphine,Chaim_McDermott@dana.io
88,sapiente omnis fugit eos,9,Delphine,Chaim_McDermott@dana.io
89,sint soluta et vel magnam aut ut sed qui,9,Delphine,Chaim_McDermott@dana.io
90,ad iusto omnis odit dolor voluptatibus,9,Delphine,Chaim_McDermott@dana.io
91,aut amet sed,10,Moriah.Stanton,Rey.Padberg@karina.biz
92,ratione ex tenetur perferendis,10,Moriah.Stanton,Rey.Padberg@karina.biz
93,beatae soluta recusandae,10,Moriah.Stanton,Rey.Padberg@karina.biz
94,qui qui voluptates illo iste minima,10,Moriah.Stanton,Rey.Padberg@karina.biz
95,id minus libero illum nam ad officiis,10,Moriah.Stanton,Rey.Padberg@karina.biz
96,quaerat velit veniam amet cupiditate aut numquam ut sequi,10,Moriah.Stanton,Rey.Padberg@karina.biz
97,quas fugiat ut perspiciatis vero provident,10,Moriah.Stanton,Rey.Padberg@karina.biz
98,laboriosam dolor voluptates,10,Moriah.Stanton,Rey.Padberg@karina.biz
99,temporibus sit alias delectus eligendi possimus magni,10,Moriah.Stanton,Rey.Padberg@karina.biz
100,at nam consequatur ea labore ea harum,10,Moriah.Stanton,Rey.Padberg@karina.biz
101,foo,1,Bret,Sincere@april.biz
